Band Number, Nominal Center Wavelength (int), Center Wavelength, Width (FWHM), Solar Irradiance, Rayleigh Optical Thickness, Depolarization Factor, k_oz (Ozone), k_no2 (NO2)
, nm, nm, nm, W/m^2/um/sr,,,,
  1, 315,     314.550,       4.060,    1122.205,   4.873E-01,   3.000E-02,   4.206E-01,   3.285E-19
  2, 316,     316.239,       5.034,     928.149,   6.497E-01,   3.062E-02,   5.829E-01,   2.958E-19
  3, 318,     318.262,       4.580,     851.625,   7.409E-01,   3.099E-02,   5.483E-01,   2.843E-19
  4, 320,     320.303,       4.725,     821.106,   7.808E-01,   3.116E-02,   4.616E-01,   2.833E-19
  5, 322,     322.433,       4.842,     806.884,   7.905E-01,   3.121E-02,   3.546E-01,   2.898E-19
  6, 325,     324.649,       4.844,     861.554,   7.914E-01,   3.123E-02,   2.576E-01,   3.019E-19
  7, 327,     326.828,       4.637,     958.588,   7.890E-01,   3.124E-02,   1.910E-01,   3.132E-19
  8, 329,     328.988,       4.507,    1014.965,   7.699E-01,   3.118E-02,   1.387E-01,   3.251E-19
  9, 331,     331.305,       5.671,    1018.420,   7.402E-01,   3.108E-02,   9.844E-02,   3.418E-19
 10, 334,     333.958,       5.932,     982.092,   7.206E-01,   3.101E-02,   6.838E-02,   3.572E-19
 11, 337,     336.815,       4.916,     934.904,   7.112E-01,   3.099E-02,   4.395E-02,   3.736E-19
 12, 339,     339.160,       4.563,     960.987,   7.034E-01,   3.098E-02,   3.070E-02,   3.963E-19
 13, 341,     341.321,       4.760,     983.319,   6.898E-01,   3.093E-02,   2.060E-02,   4.076E-19
 14, 344,     343.632,       4.900,     951.705,   6.720E-01,   3.087E-02,   1.439E-02,   4.137E-19
 15, 346,     346.017,       5.029,     929.579,   6.529E-01,   3.081E-02,   9.882E-03,   4.395E-19
 16, 348,     348.468,       5.006,     954.222,   6.342E-01,   3.074E-02,   6.032E-03,   4.610E-19
 17, 351,     350.912,       4.999,     993.934,   6.162E-01,   3.068E-02,   4.535E-03,   4.617E-19
 18, 353,     353.344,       5.016,    1029.274,   5.988E-01,   3.062E-02,   3.473E-03,   4.768E-19
 19, 356,     355.782,       4.994,     992.275,   5.823E-01,   3.056E-02,   2.498E-03,   5.019E-19
 20, 358,     358.235,       5.069,     934.591,   5.642E-01,   3.049E-02,   2.283E-03,   5.089E-19
 21, 361,     360.695,       4.975,     972.813,   5.472E-01,   3.043E-02,   2.096E-03,   5.117E-19
 22, 363,     363.137,       5.049,    1053.299,   5.320E-01,   3.037E-02,   1.734E-03,   5.326E-19
 23, 366,     365.610,       5.074,    1139.141,   5.178E-01,   3.032E-02,   1.415E-03,   5.533E-19
 24, 368,     368.083,       5.047,    1188.453,   5.043E-01,   3.027E-02,   1.282E-03,   5.555E-19
 25, 371,     370.534,       4.943,    1165.907,   4.909E-01,   3.021E-02,   1.275E-03,   5.592E-19
 26, 373,     372.991,       5.089,    1076.316,   4.773E-01,   3.016E-02,   1.338E-03,   5.747E-19
 27, 375,     375.482,       4.970,    1101.702,   4.629E-01,   3.011E-02,   1.269E-03,   5.838E-19
 28, 378,     377.926,       5.018,    1181.366,   4.513E-01,   3.006E-02,   1.115E-03,   5.861E-19
 29, 380,     380.419,       5.035,    1122.594,   4.407E-01,   3.002E-02,   1.156E-03,   5.944E-19
 30, 383,     382.876,       5.013,     981.140,   4.281E-01,   2.997E-02,   1.356E-03,   6.010E-19
 31, 385,     385.359,       5.015,     974.929,   4.157E-01,   2.992E-02,   1.378E-03,   6.038E-19
 32, 388,     387.811,       5.028,    1072.713,   4.051E-01,   2.988E-02,   1.256E-03,   6.130E-19
 33, 390,     390.297,       4.997,    1127.383,   3.955E-01,   2.984E-02,   1.195E-03,   6.226E-19
 34, 393,     392.764,       5.025,    1067.780,   3.857E-01,   2.980E-02,   1.256E-03,   6.192E-19
 35, 395,     395.238,       5.035,    1053.570,   3.746E-01,   2.975E-02,   1.278E-03,   6.155E-19
 36, 398,     397.706,       4.984,    1273.037,   3.647E-01,   2.971E-02,   1.082E-03,   6.328E-19
 37, 400,     400.178,       5.078,    1567.811,   3.564E-01,   2.967E-02,   9.442E-04,   6.341E-19
 38, 403,     402.654,       4.986,    1705.985,   3.486E-01,   2.964E-02,   9.307E-04,   6.155E-19
 39, 405,     405.127,       5.048,    1688.941,   3.400E-01,   2.960E-02,   9.759E-04,   6.015E-19
 40, 408,     407.605,       5.016,    1690.850,   3.314E-01,   2.956E-02,   1.064E-03,   6.100E-19
 41, 410,     410.074,       5.043,    1731.904,   3.233E-01,   2.953E-02,   1.143E-03,   6.222E-19
 42, 413,     412.557,       5.041,    1783.458,   3.155E-01,   2.949E-02,   1.157E-03,   6.158E-19
 43, 415,     415.025,       5.070,    1794.031,   3.079E-01,   2.946E-02,   1.214E-03,   5.857E-19
 44, 418,     417.512,       5.033,    1758.197,   3.004E-01,   2.943E-02,   1.326E-03,   5.698E-19
 45, 420,     419.988,       5.040,    1760.562,   2.932E-01,   2.939E-02,   1.446E-03,   5.927E-19
 46, 422,     422.453,       5.047,    1739.042,   2.863E-01,   2.936E-02,   1.775E-03,   6.054E-19
 47, 425,     424.940,       5.039,    1707.661,   2.796E-01,   2.933E-02,   2.153E-03,   5.793E-19
 48, 427,     427.398,       5.041,    1621.840,   2.732E-01,   2.930E-02,   2.241E-03,   5.469E-19
 49, 430,     429.885,       5.041,    1538.892,   2.664E-01,   2.927E-02,   2.292E-03,   5.331E-19
 50, 432,     432.379,       5.084,    1609.070,   2.597E-01,   2.924E-02,   2.494E-03,   5.453E-19
 51, 435,     434.869,       5.052,    1742.783,   2.539E-01,   2.921E-02,   2.645E-03,   5.547E-19
 52, 437,     437.351,       5.050,    1779.166,   2.482E-01,   2.918E-02,   3.024E-03,   5.356E-19
 53, 440,     439.828,       5.066,    1820.083,   2.424E-01,   2.915E-02,   3.900E-03,   4.974E-19
 54, 442,     442.327,       5.061,    1901.560,   2.368E-01,   2.912E-02,   4.602E-03,   4.727E-19
 55, 445,     444.811,       5.081,    1948.040,   2.315E-01,   2.910E-02,   4.594E-03,   4.945E-19
 56, 447,     447.309,       5.066,    1993.022,   2.261E-01,   2.907E-02,   4.548E-03,   5.110E-19
 57, 450,     449.795,       5.018,    2053.480,   2.211E-01,   2.905E-02,   4.968E-03,   4.800E-19
 58, 452,     452.280,       5.036,    2057.076,   2.162E-01,   2.902E-02,   5.368E-03,   4.441E-19
 59, 455,     454.769,       5.060,    2044.504,   2.114E-01,   2.900E-02,   5.945E-03,   4.252E-19
 60, 457,     457.262,       5.051,    2059.530,   2.067E-01,   2.897E-02,   7.420E-03,   4.263E-19
 61, 460,     459.757,       5.061,    2079.882,   2.022E-01,   2.895E-02,   9.301E-03,   4.351E-19
 62, 462,     462.252,       5.028,    2080.375,   1.977E-01,   2.892E-02,   1.011E-02,   4.326E-19
 63, 465,     464.737,       5.064,    2058.182,   1.935E-01,   2.890E-02,   9.683E-03,   4.061E-19
 64, 467,     467.244,       5.068,    2036.931,   1.893E-01,   2.888E-02,   9.648E-03,   3.691E-19
 65, 470,     469.729,       5.041,    2034.870,   1.852E-01,   2.886E-02,   1.043E-02,   3.442E-19
 66, 472,     472.202,       5.027,    2053.794,   1.812E-01,   2.884E-02,   1.115E-02,   3.581E-19
 67, 475,     474.700,       5.073,    2072.177,   1.774E-01,   2.881E-02,   1.242E-02,   3.800E-19
 68, 477,     477.189,       5.079,    2081.664,   1.736E-01,   2.879E-02,   1.528E-02,   3.580E-19
 69, 480,     479.689,       5.044,    2090.704,   1.700E-01,   2.877E-02,   1.895E-02,   3.338E-19
 70, 482,     482.183,       5.078,    2069.316,   1.665E-01,   2.875E-02,   2.123E-02,   3.022E-19
 71, 485,     484.689,       5.072,    1962.038,   1.631E-01,   2.873E-02,   2.113E-02,   2.724E-19
 72, 487,     487.182,       5.059,    1902.114,   1.595E-01,   2.871E-02,   2.039E-02,   2.939E-19
 73, 490,     489.674,       5.068,    1956.062,   1.562E-01,   2.870E-02,   2.100E-02,   3.042E-19
 74, 492,     492.176,       5.067,    1994.320,   1.530E-01,   2.868E-02,   2.224E-02,   2.852E-19
 75, 495,     494.686,       5.093,    2006.920,   1.499E-01,   2.866E-02,   2.354E-02,   2.823E-19
 76, 497,     497.182,       5.064,    1993.768,   1.469E-01,   2.864E-02,   2.613E-02,   2.498E-19
 77, 500,     499.688,       5.067,    1951.034,   1.440E-01,   2.862E-02,   3.087E-02,   2.021E-19
 78, 502,     502.190,       5.086,    1931.631,   1.410E-01,   2.861E-02,   3.666E-02,   2.151E-19
 79, 505,     504.695,       5.069,    1950.155,   1.382E-01,   2.859E-02,   4.082E-02,   2.384E-19
 80, 507,     507.198,       5.089,    1975.802,   1.355E-01,   2.857E-02,   4.179E-02,   2.316E-19
 81, 510,     509.720,       5.073,    1970.583,   1.328E-01,   2.856E-02,   4.101E-02,   2.296E-19
 82, 512,     512.213,       5.068,    1928.619,   1.302E-01,   2.854E-02,   4.110E-02,   2.156E-19
 83, 515,     514.729,       5.065,    1853.471,   1.277E-01,   2.852E-02,   4.274E-02,   1.773E-19
 84, 517,     517.219,       5.091,    1796.314,   1.252E-01,   2.851E-02,   4.504E-02,   1.597E-19
 85, 520,     519.747,       5.076,    1825.206,   1.227E-01,   2.849E-02,   4.767E-02,   1.620E-19
 86, 522,     522.249,       5.102,    1890.892,   1.203E-01,   2.848E-02,   5.134E-02,   1.624E-19
 87, 525,     524.771,       5.080,    1888.232,   1.180E-01,   2.846E-02,   5.654E-02,   1.755E-19
 88, 527,     527.276,       5.065,    1878.702,   1.158E-01,   2.845E-02,   6.292E-02,   1.771E-19
 89, 530,     529.798,       5.151,    1919.095,   1.137E-01,   2.843E-02,   6.885E-02,   1.592E-19
 90, 532,     532.314,       5.059,    1926.304,   1.114E-01,   2.842E-02,   7.264E-02,   1.422E-19
 91, 535,     534.859,       5.119,    1925.215,   1.092E-01,   2.841E-02,   7.422E-02,   1.165E-19
 92, 537,     537.346,       5.056,    1912.153,   1.072E-01,   2.839E-02,   7.488E-02,   1.023E-19
 93, 540,     539.878,       5.149,    1892.816,   1.052E-01,   2.838E-02,   7.665E-02,   1.097E-19
 94, 542,     542.395,       5.064,    1885.918,   1.032E-01,   2.837E-02,   7.989E-02,   1.239E-19
 95, 545,     544.904,       5.119,    1898.852,   1.013E-01,   2.835E-02,   8.325E-02,   1.296E-19
 96, 547,     547.441,       5.122,    1896.936,   9.940E-02,   2.834E-02,   8.591E-02,   1.238E-19
 97, 550,     549.994,       5.136,    1893.063,   9.756E-02,   2.833E-02,   8.809E-02,   1.129E-19
 98, 553,     552.511,       5.130,    1899.786,   9.575E-02,   2.831E-02,   9.044E-02,   9.906E-20
 99, 555,     555.044,       5.118,    1885.888,   9.400E-02,   2.830E-02,   9.360E-02,   8.266E-20
100, 558,     557.576,       5.110,    1860.337,   9.230E-02,   2.829E-02,   9.815E-02,   6.749E-20
101, 560,     560.104,       5.125,    1839.236,   9.062E-02,   2.828E-02,   1.041E-01,   6.708E-20
102, 563,     562.642,       5.132,    1848.073,   8.899E-02,   2.827E-02,   1.101E-01,   8.273E-20
103, 565,     565.190,       5.134,    1848.359,   8.737E-02,   2.826E-02,   1.152E-01,   8.821E-20
104, 568,     567.710,       5.124,    1842.687,   8.579E-02,   2.824E-02,   1.194E-01,   8.097E-20
105, 570,     570.259,       5.144,    1844.807,   8.424E-02,   2.823E-02,   1.231E-01,   8.258E-20
106, 573,     572.796,       5.113,    1858.912,   8.273E-02,   2.822E-02,   1.258E-01,   7.447E-20
107, 575,     575.343,       5.183,    1858.463,   8.131E-02,   2.821E-02,   1.262E-01,   5.358E-20
108, 578,     577.902,       5.141,    1842.954,   7.992E-02,   2.820E-02,   1.245E-01,   4.606E-20
109, 580,     580.450,       5.195,    1843.993,   7.850E-02,   2.819E-02,   1.217E-01,   4.637E-20
110, 583,     582.996,       5.141,    1845.158,   7.711E-02,   2.818E-02,   1.191E-01,   4.563E-20
111, 586,     585.553,       5.109,    1822.605,   7.581E-02,   2.817E-02,   1.175E-01,   4.880E-20
112, 588,     588.086,       5.099,    1784.665,   7.455E-02,   2.816E-02,   1.172E-01,   5.159E-20
113, 591,     590.548,       5.045,    1777.798,   7.336E-02,   2.815E-02,   1.186E-01,   5.765E-20
114, 593,     593.084,       5.039,    1795.816,   7.228E-02,   2.814E-02,   1.222E-01,   5.610E-20
115, 596,     595.679,       5.228,    1798.495,   7.117E-02,   2.813E-02,   1.275E-01,   4.249E-20
116, 598,     598.262,       5.382,    1783.468,   6.999E-02,   2.812E-02,   1.328E-01,   3.894E-20
117, 601,     600.545,       4.659,    1763.887,   6.756E-02,   2.811E-02,   1.364E-01,   3.874E-20
118, 603,     602.920,       5.004,    1758.801,   6.651E-02,   2.810E-02,   1.374E-01,   3.032E-20
119, 605,     605.461,       5.119,    1764.102,   6.543E-02,   2.809E-02,   1.353E-01,   2.075E-20
120, 608,     607.986,       4.797,    1747.625,   6.437E-02,   2.808E-02,   1.310E-01,   1.990E-20
121, 610,     610.360,       4.709,    1723.359,   6.335E-02,   2.807E-02,   1.256E-01,   2.701E-20
122, 613,     612.730,       4.860,    1703.361,   6.236E-02,   2.806E-02,   1.202E-01,   3.487E-20
123, 615,     615.145,       4.881,    1679.909,   6.136E-02,   2.806E-02,   1.152E-01,   3.540E-20
124, 618,     617.605,       4.922,    1676.357,   6.038E-02,   2.805E-02,   1.107E-01,   3.181E-20
125, 620,     620.061,       4.930,    1688.408,   5.942E-02,   2.804E-02,   1.070E-01,   2.798E-20
126, 623,     622.530,       4.934,    1672.864,   5.848E-02,   2.803E-02,   1.038E-01,   2.439E-20
127, 625,     624.988,       4.875,    1654.500,   5.754E-02,   2.802E-02,   1.007E-01,   2.069E-20
128, 627,     627.434,       4.910,    1665.410,   5.663E-02,   2.802E-02,   9.740E-02,   1.634E-20
129, 630,     629.898,       4.935,    1659.554,   5.574E-02,   2.801E-02,   9.399E-02,   1.319E-20
130, 632,     632.376,       4.920,    1643.061,   5.486E-02,   2.800E-02,   9.045E-02,   1.304E-20
131, 635,     634.830,       4.921,    1636.819,   5.400E-02,   2.799E-02,   8.675E-02,   1.402E-20
132, 637,     637.305,       4.966,    1635.607,   5.316E-02,   2.799E-02,   8.286E-02,   1.464E-20
133, 640,     639.791,       4.948,    1621.131,   5.234E-02,   2.798E-02,   7.889E-02,   1.583E-20
134, 641,     641.029,       4.915,    1610.391,   5.193E-02,   2.798E-02,   7.696E-02,   1.681E-20
135, 642,     642.255,       4.877,    1605.599,   5.152E-02,   2.797E-02,   7.512E-02,   1.767E-20
136, 643,     643.479,       4.925,    1606.206,   5.112E-02,   2.797E-02,   7.339E-02,   1.848E-20
137, 645,     644.716,       4.976,    1601.035,   5.073E-02,   2.796E-02,   7.176E-02,   1.919E-20
138, 646,     645.966,       4.958,    1599.487,   5.034E-02,   2.796E-02,   7.021E-02,   1.945E-20
139, 647,     647.188,       4.938,    1591.965,   4.995E-02,   2.796E-02,   6.871E-02,   1.897E-20
140, 648,     648.435,       4.924,    1587.330,   4.956E-02,   2.795E-02,   6.727E-02,   1.756E-20
141, 650,     649.667,       4.950,    1583.703,   4.918E-02,   2.795E-02,   6.587E-02,   1.544E-20
142, 651,     650.913,       4.979,    1583.192,   4.880E-02,   2.795E-02,   6.453E-02,   1.328E-20
143, 652,     652.153,       4.941,    1577.931,   4.843E-02,   2.794E-02,   6.321E-02,   1.167E-20
144, 653,     653.388,       4.919,    1550.825,   4.807E-02,   2.794E-02,   6.192E-02,   1.068E-20
145, 655,     654.622,       4.939,    1516.090,   4.771E-02,   2.794E-02,   6.060E-02,   9.722E-21
146, 656,     655.869,       4.968,    1483.903,   4.733E-02,   2.793E-02,   5.922E-02,   8.807E-21
147, 657,     657.101,       4.977,    1478.289,   4.695E-02,   2.793E-02,   5.782E-02,   7.986E-21
148, 658,     658.340,       4.996,    1495.995,   4.658E-02,   2.793E-02,   5.648E-02,   7.170E-21
149, 660,     659.600,       5.007,    1526.741,   4.623E-02,   2.792E-02,   5.523E-02,   6.331E-21
150, 661,     660.833,       4.951,    1549.754,   4.590E-02,   2.792E-02,   5.404E-02,   5.542E-21
151, 662,     662.067,       4.963,    1554.722,   4.555E-02,   2.792E-02,   5.283E-02,   4.976E-21
152, 663,     663.300,       4.990,    1552.212,   4.521E-02,   2.791E-02,   5.158E-02,   4.897E-21
153, 665,     664.564,       4.980,    1550.254,   4.487E-02,   2.791E-02,   5.029E-02,   5.479E-21
154, 666,     665.795,       4.962,    1546.660,   4.453E-02,   2.791E-02,   4.895E-02,   6.640E-21
155, 667,     667.023,       4.953,    1543.853,   4.420E-02,   2.790E-02,   4.759E-02,   7.980E-21
156, 668,     668.263,       4.990,    1540.487,   4.387E-02,   2.790E-02,   4.622E-02,   9.022E-21
157, 670,     669.518,       4.982,    1534.776,   4.354E-02,   2.790E-02,   4.488E-02,   9.638E-21
158, 671,     670.755,       4.970,    1528.749,   4.321E-02,   2.789E-02,   4.356E-02,   9.943E-21
159, 672,     671.990,       4.997,    1522.908,   4.289E-02,   2.789E-02,   4.229E-02,   1.010E-20
160, 673,     673.245,       5.051,    1518.831,   4.257E-02,   2.789E-02,   4.107E-02,   1.027E-20
161, 675,     674.503,       5.000,    1516.099,   4.225E-02,   2.789E-02,   3.991E-02,   1.027E-20
162, 676,     675.731,       4.916,    1513.613,   4.194E-02,   2.788E-02,   3.879E-02,   9.926E-21
163, 677,     676.963,       4.948,    1511.599,   4.163E-02,   2.788E-02,   3.774E-02,   9.232E-21
164, 678,     678.208,       4.940,    1508.175,   4.132E-02,   2.788E-02,   3.675E-02,   8.304E-21
165, 679,     679.448,       4.922,    1503.352,   4.102E-02,   2.787E-02,   3.584E-02,   7.377E-21
166, 681,     680.680,       4.979,    1498.255,   4.072E-02,   2.787E-02,   3.503E-02,   6.551E-21
167, 682,     681.919,       4.979,    1492.067,   4.042E-02,   2.787E-02,   3.430E-02,   5.895E-21
168, 683,     683.171,       4.971,    1484.943,   4.012E-02,   2.786E-02,   3.361E-02,   5.490E-21
169, 684,     684.417,       4.964,    1479.014,   3.983E-02,   2.786E-02,   3.292E-02,   5.184E-21
170, 686,     685.657,       4.954,    1475.351,   3.953E-02,   2.786E-02,   3.216E-02,   4.906E-21
171, 687,     686.894,       4.995,    1474.029,   3.924E-02,   2.786E-02,   3.131E-02,   4.525E-21
172, 688,     688.143,       4.993,    1473.947,   3.896E-02,   2.785E-02,   3.039E-02,   4.024E-21
173, 689,     689.394,       4.992,    1471.516,   3.867E-02,   2.785E-02,   2.943E-02,   3.539E-21
174, 691,     690.647,       4.992,    1467.188,   3.839E-02,   2.785E-02,   2.845E-02,   3.144E-21
175, 692,     691.888,       4.976,    1461.844,   3.811E-02,   2.784E-02,   2.750E-02,   2.906E-21
176, 693,     693.130,       4.983,    1455.809,   3.784E-02,   2.784E-02,   2.657E-02,   2.763E-21
177, 694,     694.382,       5.019,    1453.248,   3.756E-02,   2.784E-02,   2.567E-02,   2.657E-21
178, 696,     695.644,       4.984,    1448.179,   3.729E-02,   2.784E-02,   2.479E-02,   2.542E-21
179, 697,     696.891,       4.970,    1441.110,   3.702E-02,   2.783E-02,   2.394E-02,   2.429E-21
180, 698,     698.118,       4.972,    1432.380,   3.676E-02,   2.783E-02,   2.315E-02,   2.343E-21
181, 699,     699.376,       4.955,    1423.364,   3.649E-02,   2.783E-02,   2.241E-02,   2.369E-21
182, 701,     700.612,       4.969,    1414.457,   3.623E-02,   2.783E-02,   2.174E-02,   2.581E-21
183, 702,     701.858,       4.960,    1410.669,   3.597E-02,   2.782E-02,   2.114E-02,   3.029E-21
184, 703,     703.097,       4.992,    1408.289,   3.571E-02,   2.782E-02,   2.061E-02,   3.660E-21
185, 704,     704.354,       4.974,    1409.550,   3.546E-02,   2.782E-02,   2.014E-02,   4.373E-21
186, 706,     705.593,       4.974,    1409.594,   3.521E-02,   2.781E-02,   1.972E-02,   4.921E-21
187, 707,     706.833,       4.980,    1407.310,   3.496E-02,   2.781E-02,   1.934E-02,   5.156E-21
188, 708,     708.089,       5.019,    1402.592,   3.471E-02,   2.781E-02,   1.900E-02,   5.111E-21
189, 709,     709.337,       5.021,    1396.537,   3.446E-02,   2.781E-02,   1.868E-02,   4.920E-21
190, 711,     710.581,       4.953,    1391.798,   3.422E-02,   2.780E-02,   1.842E-02,   4.776E-21
191, 712,     711.826,       4.984,    1385.311,   3.398E-02,   2.780E-02,   1.820E-02,   4.601E-21
192, 713,     713.068,       4.977,    1379.215,   3.374E-02,   2.780E-02,   1.804E-02,   4.294E-21
193, 714,     714.316,       5.016,    1373.513,   3.350E-02,   2.780E-02,   1.788E-02,   3.751E-21
194, 717,     716.817,       4.968,    1361.392,   3.303E-02,   2.779E-02,   1.733E-02,   2.446E-21
195, 719,     719.298,       4.998,    1348.484,   3.257E-02,   2.779E-02,   1.625E-02,   1.823E-21
196, 722,     721.800,       4.996,    1341.736,   3.212E-02,   2.778E-02,   1.496E-02,   1.858E-21
197, 724,     724.303,       5.018,    1343.325,   3.167E-02,   2.778E-02,   1.391E-02,   1.678E-21
198, 727,     726.796,       4.997,    1332.059,   3.124E-02,   2.777E-02,   1.304E-02,   1.168E-21
199, 729,     729.299,       4.990,    1323.286,   3.081E-02,   2.777E-02,   1.221E-02,   8.988E-22
200, 732,     731.790,       4.993,    1316.496,   3.038E-02,   2.776E-02,   1.153E-02,   9.400E-22
201, 734,     734.281,       5.014,    1313.774,   2.997E-02,   2.776E-02,   1.115E-02,   1.157E-21
202, 737,     736.791,       4.998,    1302.772,   2.956E-02,   2.775E-02,   1.096E-02,   1.301E-21
203, 739,     739.287,       5.001,    1282.793,   2.917E-02,   2.775E-02,   1.090E-02,   1.303E-21
204, 741,     740.535,       4.981,    1276.658,   2.896E-02,   2.775E-02,   1.093E-02,   1.339E-21
205, 742,     741.785,       5.021,    1273.108,   2.877E-02,   2.774E-02,   1.103E-02,   1.497E-21
206, 743,     743.046,       5.003,    1274.792,   2.857E-02,   2.774E-02,   1.119E-02,   1.813E-21
207, 744,     744.286,       5.004,    1277.343,   2.838E-02,   2.774E-02,   1.137E-02,   2.157E-21
208, 746,     745.534,       4.995,    1278.299,   2.819E-02,   2.774E-02,   1.153E-02,   2.323E-21
209, 747,     746.789,       5.005,    1278.100,   2.800E-02,   2.774E-02,   1.159E-02,   2.206E-21
210, 748,     748.041,       5.009,    1274.523,   2.781E-02,   2.773E-02,   1.150E-02,   1.877E-21
211, 749,     749.279,       5.016,    1267.826,   2.762E-02,   2.773E-02,   1.122E-02,   1.555E-21
212, 751,     750.540,       4.991,    1260.644,   2.744E-02,   2.773E-02,   1.074E-02,   1.390E-21
213, 752,     751.792,       5.031,    1257.878,   2.725E-02,   2.773E-02,   1.013E-02,   1.397E-21
214, 753,     753.042,       5.008,    1256.146,   2.707E-02,   2.773E-02,   9.483E-03,   1.443E-21
215, 754,     754.294,       5.006,    1254.891,   2.689E-02,   2.772E-02,   8.866E-03,   1.420E-21
216, 756,     755.542,       5.006,    1250.558,   2.671E-02,   2.772E-02,   8.328E-03,   1.307E-21
217, 757,     756.802,       5.012,    1248.645,   2.654E-02,   2.772E-02,   7.888E-03,   1.120E-21
218, 758,     758.051,       5.020,    1245.524,   2.636E-02,   2.772E-02,   7.537E-03,   8.960E-22
219, 759,     759.299,       5.023,    1240.524,   2.619E-02,   2.771E-02,   7.264E-03,   6.952E-22
220, 761,     760.558,       4.967,    1238.381,   2.601E-02,   2.771E-02,   7.046E-03,   5.665E-22
221, 762,     761.802,       5.008,    1236.711,   2.584E-02,   2.771E-02,   6.870E-03,   5.312E-22
222, 763,     763.060,       5.052,    1232.839,   2.567E-02,   2.771E-02,   6.729E-03,   5.615E-22
223, 764,     764.310,       5.028,    1225.228,   2.550E-02,   2.771E-02,   6.613E-03,   6.061E-22
224, 766,     765.557,       4.976,    1217.420,   2.534E-02,   2.770E-02,   6.524E-03,   6.185E-22
225, 767,     766.815,       5.029,    1210.231,   2.517E-02,   2.770E-02,   6.466E-03,   5.748E-22
226, 768,     768.071,       5.031,    1207.241,   2.500E-02,   2.770E-02,   6.448E-03,   4.880E-22
227, 769,     769.326,       5.007,    1205.630,   2.484E-02,   2.770E-02,   6.483E-03,   3.904E-22
228, 771,     770.564,       4.982,    1204.062,   2.468E-02,   2.770E-02,   6.585E-03,   3.156E-22
229, 772,     771.823,       5.025,    1200.793,   2.452E-02,   2.769E-02,   6.768E-03,   2.763E-22
230, 773,     773.074,       5.059,    1198.190,   2.436E-02,   2.769E-02,   7.035E-03,   2.723E-22
231, 774,     774.338,       5.011,    1195.507,   2.420E-02,   2.769E-02,   7.369E-03,   2.949E-22
232, 777,     776.832,       4.997,    1190.718,   2.389E-02,   2.769E-02,   8.069E-03,   3.683E-22
233, 779,     779.336,       5.019,    1186.336,   2.358E-02,   2.768E-02,   8.376E-03,   4.135E-22
234, 782,     781.843,       5.025,    1180.501,   2.328E-02,   2.768E-02,   7.962E-03,   4.361E-22
235, 784,     784.350,       5.024,    1176.171,   2.298E-02,   2.768E-02,   7.054E-03,   4.865E-22
236, 787,     786.855,       5.015,    1172.823,   2.269E-02,   2.767E-02,   6.138E-03,   6.189E-22
237, 789,     789.367,       5.025,    1164.703,   2.240E-02,   2.767E-02,   5.442E-03,   8.417E-22
238, 792,     791.865,       5.012,    1145.538,   2.212E-02,   2.766E-02,   4.902E-03,   7.862E-22
239, 794,     794.382,       5.028,    1132.717,   2.184E-02,   2.766E-02,   4.449E-03,   4.480E-22
240, 797,     796.881,       5.016,    1135.958,   2.157E-02,   2.766E-02,   4.129E-03,   2.892E-22
241, 799,     799.394,       5.052,    1134.483,   2.130E-02,   2.765E-02,   3.943E-03,   3.144E-22
242, 802,     801.901,       5.015,    1124.942,   2.104E-02,   2.765E-02,   3.847E-03,   3.324E-22
243, 804,     804.409,       5.028,    1115.753,   2.078E-02,   2.765E-02,   3.891E-03,   2.311E-22
244, 807,     806.913,       5.034,    1106.938,   2.052E-02,   2.764E-02,   4.170E-03,   1.138E-22
245, 809,     809.428,       5.036,    1102.099,   2.027E-02,   2.764E-02,   4.692E-03,   9.683E-23
246, 812,     811.932,       5.004,    1102.377,   2.003E-02,   2.764E-02,   5.313E-03,   1.269E-22
247, 814,     814.440,       5.017,    1099.475,   1.979E-02,   2.763E-02,   5.835E-03,   1.403E-22
248, 817,     816.943,       5.035,    1084.790,   1.955E-02,   2.763E-02,   6.024E-03,   1.070E-22
249, 819,     819.456,       5.019,    1068.382,   1.932E-02,   2.763E-02,   5.699E-03,   6.926E-23
250, 822,     821.961,       5.043,    1061.945,   1.908E-02,   2.762E-02,   4.915E-03,   6.595E-23
251, 824,     824.462,       4.994,    1065.430,   1.885E-02,   2.762E-02,   3.982E-03,   8.304E-23
252, 827,     826.984,       5.059,    1065.248,   1.862E-02,   2.762E-02,   3.186E-03,   1.016E-22
253, 829,     829.489,       5.043,    1057.559,   1.840E-02,   2.762E-02,   2.619E-03,   1.144E-22
254, 832,     832.005,       5.025,    1043.880,   1.817E-02,   2.761E-02,   2.259E-03,   1.472E-22
255, 835,     834.507,       5.018,    1034.947,   1.795E-02,   2.761E-02,   2.052E-03,   1.970E-22
256, 837,     837.018,       5.033,    1034.164,   1.774E-02,   2.761E-02,   1.974E-03,   1.945E-22
257, 840,     839.516,       5.017,    1031.461,   1.754E-02,   2.760E-02,   1.989E-03,   1.759E-22
258, 842,     842.031,       5.050,    1025.620,   1.733E-02,   2.760E-02,   2.080E-03,   1.911E-22
259, 845,     844.538,       4.994,    1018.828,   1.713E-02,   2.760E-02,   2.267E-03,   1.737E-22
260, 847,     847.062,       5.111,    1007.310,   1.693E-02,   2.759E-02,   2.602E-03,   1.149E-22
261, 850,     849.572,       4.991,     986.598,   1.673E-02,   2.759E-02,   3.174E-03,   7.468E-23
262, 852,     852.086,       5.049,     946.293,   1.654E-02,   2.759E-02,   3.781E-03,   8.112E-23
263, 855,     854.586,       4.993,     923.347,   1.634E-02,   2.759E-02,   3.974E-03,   1.024E-22
264, 857,     857.103,       5.049,     958.003,   1.614E-02,   2.758E-02,   3.670E-03,   8.654E-23
265, 860,     859.594,       5.004,     985.817,   1.595E-02,   2.758E-02,   3.167E-03,   6.545E-23
266, 862,     862.112,       5.042,     979.975,   1.577E-02,   2.758E-02,   2.571E-03,   6.251E-23
267, 865,     864.610,       5.017,     942.618,   1.560E-02,   2.758E-02,   2.049E-03,   5.887E-23
268, 867,     867.113,       5.016,     917.799,   1.542E-02,   2.757E-02,   1.649E-03,   6.112E-23
269, 870,     869.613,       5.016,     942.153,   1.524E-02,   2.757E-02,   1.362E-03,   6.069E-23
270, 872,     872.129,       5.033,     950.184,   1.507E-02,   2.757E-02,   1.178E-03,   5.787E-23
271, 875,     874.636,       5.036,     943.803,   1.490E-02,   2.756E-02,   1.080E-03,   6.086E-23
272, 877,     877.145,       5.012,     939.575,   1.472E-02,   2.756E-02,   1.057E-03,   6.706E-23
273, 880,     879.637,       4.978,     934.417,   1.456E-02,   2.756E-02,   1.098E-03,   7.322E-23
274, 882,     882.136,       5.046,     929.351,   1.440E-02,   2.756E-02,   1.184E-03,   7.435E-23
275, 885,     884.639,       4.978,     929.421,   1.424E-02,   2.755E-02,   1.303E-03,   7.057E-23
276, 887,     887.130,       5.020,     924.047,   1.408E-02,   2.755E-02,   1.422E-03,   7.866E-23
277, 890,     889.598,       4.916,     922.939,   1.393E-02,   2.755E-02,   1.469E-03,   1.132E-22
278, 892,     892.093,       5.049,     919.698,   1.378E-02,   2.755E-02,   1.484E-03,   1.219E-22
279, 895,     894.601,       4.974,     914.283,   1.364E-02,   2.755E-02,   1.610E-03,   9.443E-23
280, 940,     939.713,      44.285,     819.699,   1.109E-02,   2.750E-02,   5.011E-04,   7.247E-24
281,1038,    1038.317,      74.398,     670.309,   7.464E-03,   2.744E-02,   3.473E-05,   3.122E-27
282,1249,    1248.550,      28.641,     444.994,   3.536E-03,   2.734E-02,   8.550E-09,   1.215E-26
283,1378,    1378.169,      14.420,     355.744,   2.376E-03,   2.730E-02,   1.123E-08,   3.018E-26
284,1618,    1618.034,      73.644,     234.977,   1.252E-03,   2.726E-02,   3.028E-09,   8.985E-27
285,2131,    2130.593,      49.294,      91.108,   4.152E-04,   2.721E-02,   1.151E-08,   3.421E-26
286,2258,    2258.429,      72.833,      73.956,   3.292E-04,   2.720E-02,   9.451E-09,   2.823E-26
